"REF_DATE","GEO","DGUID","Type of employee","North American Industry Classification System (NAICS)","UOM","UOM_ID","SCALAR_FACTOR","SCALAR_ID","VECTOR","COORDINATE","VALUE","STATUS","SYMBOL","TERMINATED","DECIMALS"
"2002","Canada","2021A000011124","All employees","Industrial aggregate including unclassified businesses [00-91N]","Persons","249","units","0","v1695625","1.1.1","13162880","","","","0"
"2003","Canada","2021A000011124","All employees","Industrial aggregate including unclassified businesses [00-91N]","Persons","249","units","0","v1695625","1.1.1","13420950","","","","0"
"2004","Canada","2021A000011124","All employees","Industrial aggregate including unclassified businesses [00-91N]","Persons","249","units","0","v1695625","1.1.1","13643116","","","","0"
"2005","Canada","2021A000011124","All employees","Industrial aggregate including unclassified businesses [00-91N]","Persons","249","units","0","v1695625","1.1.1","13926642","","","","0"
"2006","Canada","2021A000011124","All employees","Industrial aggregate including unclassified businesses [00-91N]","Persons","249","units","0","v1695625","1.1.1","14294046","","","","0"
"2007","Canada","2021A000011124","All employees","Industrial aggregate including unclassified businesses [00-91N]","Persons","249","units","0","v1695625","1.1.1","14601095","","","","0"
"2008","Canada","2021A000011124","All employees","Industrial aggregate including unclassified businesses [00-91N]","Persons","249","units","0","v1695625","1.1.1","14866453","","","","0"
"2009","Canada","2021A000011124","All employees","Industrial aggregate including unclassified businesses [00-91N]","Persons","249","units","0","v1695625","1.1.1","14598582","A","","","0"
"2010","Canada","2021A000011124","All employees","Industrial aggregate including unclassified businesses [00-91N]","Persons","249","units","0","v1695625","1.1.1","14740731","A","","","0"
"2011","Canada","2021A000011124","All employees","Industrial aggregate including unclassified businesses [00-91N]","Persons","249","units","0","v1695625","1.1.1","14995350","A","","","0"
"2012","Canada","2021A000011124","All employees","Industrial aggregate including unclassified businesses [00-91N]","Persons","249","units","0","v1695625","1.1.1","15248615","A","","","0"
"2013","Canada","2021A000011124","All employees","Industrial aggregate including unclassified businesses [00-91N]","Persons","249","units","0","v1695625","1.1.1","15438818","A","","","0"
"2014","Canada","2021A000011124","All employees","Industrial aggregate including unclassified businesses [00-91N]","Persons","249","units","0","v1695625","1.1.1","15623098","A","","","0"
"2015","Canada","2021A000011124","All employees","Industrial aggregate including unclassified businesses [00-91N]","Persons","249","units","0","v1695625","1.1.1","15804741","A","","","0"
"2016","Canada","2021A000011124","All employees","Industrial aggregate including unclassified businesses [00-91N]","Persons","249","units","0","v1695625","1.1.1","15988860","A","","","0"
"2017","Canada","2021A000011124","All employees","Industrial aggregate including unclassified businesses [00-91N]","Persons","249","units","0","v1695625","1.1.1","16312121","A","","","0"
"2018","Canada","2021A000011124","All employees","Industrial aggregate including unclassified businesses [00-91N]","Persons","249","units","0","v1695625","1.1.1","16673867","A","","","0"
"2019","Canada","2021A000011124","All employees","Industrial aggregate including unclassified businesses [00-91N]","Persons","249","units","0","v1695625","1.1.1","17009669","A","","","0"
"2020","Canada","2021A000011124","All employees","Industrial aggregate including unclassified businesses [00-91N]","Persons","249","units","0","v1695625","1.1.1","15601406","B","","","0"
"2021","Canada","2021A000011124","All employees","Industrial aggregate including unclassified businesses [00-91N]","Persons","249","units","0","v1695625","1.1.1","16481642","B","","","0"
"2022","Canada","2021A000011124","All employees","Industrial aggregate including unclassified businesses [00-91N]","Persons","249","units","0","v1695625","1.1.1","17523132","B","","","0"
"2002","Canada","2021A000011124","All employees","Industrial aggregate excluding unclassified businesses [11-91N]","Persons","249","units","0","v1696045","1.1.2","13085601","","","","0"
"2003","Canada","2021A000011124","All employees","Industrial aggregate excluding unclassified businesses [11-91N]","Persons","249","units","0","v1696045","1.1.2","13312080","","","","0"
"2004","Canada","2021A000011124","All employees","Industrial aggregate excluding unclassified businesses [11-91N]","Persons","249","units","0","v1696045","1.1.2","13463122","","","","0"
"2005","Canada","2021A000011124","All employees","Industrial aggregate excluding unclassified businesses [11-91N]","Persons","249","units","0","v1696045","1.1.2","13687441","","","","0"
"2006","Canada","2021A000011124","All employees","Industrial aggregate excluding unclassified businesses [11-91N]","Persons","249","units","0","v1696045","1.1.2","14065306","","","","0"
"2007","Canada","2021A000011124","All employees","Industrial aggregate excluding unclassified businesses [11-91N]","Persons","249","units","0","v1696045","1.1.2","14392814","","","","0"
"2008","Canada","2021A000011124","All employees","Industrial aggregate excluding unclassified businesses [11-91N]","Persons","249","units","0","v1696045","1.1.2","14666579","","","","0"
"2009","Canada","2021A000011124","All employees","Industrial aggregate excluding unclassified businesses [11-91N]","Persons","249","units","0","v1696045","1.1.2","14375619","A","","","0"
"2010","Canada","2021A000011124","All employees","Industrial aggregate excluding unclassified businesses [11-91N]","Persons","249","units","0","v1696045","1.1.2","14469942","A","","","0"
"2011","Canada","2021A000011124","All employees","Industrial aggregate excluding unclassified businesses [11-91N]","Persons","249","units","0","v1696045","1.1.2","14706658","A","","","0"
"2012","Canada","2021A000011124","All employees","Industrial aggregate excluding unclassified businesses [11-91N]","Persons","249","units","0","v1696045","1.1.2","14975974","A","","","0"
"2013","Canada","2021A000011124","All employees","Industrial aggregate excluding unclassified businesses [11-91N]","Persons","249","units","0","v1696045","1.1.2","15195691","A","","","0"
"2014","Canada","2021A000011124","All employees","Industrial aggregate excluding unclassified businesses [11-91N]","Persons","249","units","0","v1696045","1.1.2","15401201","A","","","0"
"2015","Canada","2021A000011124","All employees","Industrial aggregate excluding unclassified businesses [11-91N]","Persons","249","units","0","v1696045","1.1.2","15545135","A","","","0"
"2016","Canada","2021A000011124","All employees","Industrial aggregate excluding unclassified businesses [11-91N]","Persons","249","units","0","v1696045","1.1.2","15694398","A","","","0"
"2017","Canada","2021A000011124","All employees","Industrial aggregate excluding unclassified businesses [11-91N]","Persons","249","units","0","v1696045","1.1.2","15988834","A","","","0"
"2018","Canada","2021A000011124","All employees","Industrial aggregate excluding unclassified businesses [11-91N]","Persons","249","units","0","v1696045","1.1.2","16341076","A","","","0"
"2019","Canada","2021A000011124","All employees","Industrial aggregate excluding unclassified businesses [11-91N]","Persons","249","units","0","v1696045","1.1.2","16715330","A","","","0"
"2020","Canada","2021A000011124","All employees","Industrial aggregate excluding unclassified businesses [11-91N]","Persons","249","units","0","v1696045","1.1.2","15335199","B","","","0"
"2021","Canada","2021A000011124","All employees","Industrial aggregate excluding unclassified businesses [11-91N]","Persons","249","units","0","v1696045","1.1.2","16191681","B","","","0"
"2022","Canada","2021A000011124","All employees","Industrial aggregate excluding unclassified businesses [11-91N]","Persons","249","units","0","v1696045","1.1.2","17178660","B","","","0"
"2002","Canada","2021A000011124","All employees","Goods producing industries [11-33N]","Persons","249","units","0","v1696577","1.1.3","2855254","","","","0"
"2003","Canada","2021A000011124","All employees","Goods producing industries [11-33N]","Persons","249","units","0","v1696577","1.1.3","2864281","","","","0"
"2004","Canada","2021A000011124","All employees","Goods producing industries [11-33N]","Persons","249","units","0","v1696577","1.1.3","2865525","","","","0"
"2005","Canada","2021A000011124","All employees","Goods producing industries [11-33N]","Persons","249","units","0","v1696577","1.1.3","2871966","","","","0"
"2006","Canada","2021A000011124","All employees","Goods producing industries [11-33N]","Persons","249","units","0","v1696577","1.1.3","2910675","","","","0"
"2007","Canada","2021A000011124","All employees","Goods producing industries [11-33N]","Persons","249","units","0","v1696577","1.1.3","2912032","","","","0"
"2008","Canada","2021A000011124","All employees","Goods producing industries [11-33N]","Persons","249","units","0","v1696577","1.1.3","2879002","","","","0"
"2009","Canada","2021A000011124","All employees","Goods producing industries [11-33N]","Persons","249","units","0","v1696577","1.1.3","2632031","A","","","0"
"2010","Canada","2021A000011124","All employees","Goods producing industries [11-33N]","Persons","249","units","0","v1696577","1.1.3","2652732","A","","","0"
"2011","Canada","2021A000011124","All employees","Goods producing industries [11-33N]","Persons","249","units","0","v1696577","1.1.3","2732294","A","","","0"
"2012","Canada","2021A000011124","All employees","Goods producing industries [11-33N]","Persons","249","units","0","v1696577","1.1.3","2802283","A","","","0"
"2013","Canada","2021A000011124","All employees","Goods producing industries [11-33N]","Persons","249","units","0","v1696577","1.1.3","2833837","A","","","0"
"2014","Canada","2021A000011124","All employees","Goods producing industries [11-33N]","Persons","249","units","0","v1696577","1.1.3","2856782","A","","","0"
"2015","Canada","2021A000011124","All employees","Goods producing industries [11-33N]","Persons","249","units","0","v1696577","1.1.3","2845808","A","","","0"
"2016","Canada","2021A000011124","All employees","Goods producing industries [11-33N]","Persons","249","units","0","v1696577","1.1.3","2802451","A","","","0"
"2017","Canada","2021A000011124","All employees","Goods producing industries [11-33N]","Persons","249","units","0","v1696577","1.1.3","2867515","A","","","0"
"2018","Canada","2021A000011124","All employees","Goods producing industries [11-33N]","Persons","249","units","0","v1696577","1.1.3","2943162","A","","","0"
"2019","Canada","2021A000011124","All employees","Goods producing industries [11-33N]","Persons","249","units","0","v1696577","1.1.3","2989184","A","","","0"
"2020","Canada","2021A000011124","All employees","Goods producing industries [11-33N]","Persons","249","units","0","v1696577","1.1.3","2761481","B","","","0"
"2021","Canada","2021A000011124","All employees","Goods producing industries [11-33N]","Persons","249","units","0","v1696577","1.1.3","2928962","B","","","0"
"2022","Canada","2021A000011124","All employees","Goods producing industries [11-33N]","Persons","249","units","0","v1696577","1.1.3","3058823","B","","","0"
"2002","Canada","2021A000011124","All employees","Forestry, logging and support [11N]","Persons","249","units","0","v1697106","1.1.4","67119","","","","0"
"2003","Canada","2021A000011124","All employees","Forestry, logging and support [11N]","Persons","249","units","0","v1697106","1.1.4","62977","","","","0"
"2004","Canada","2021A000011124","All employees","Forestry, logging and support [11N]","Persons","249","units","0","v1697106","1.1.4","61497","","","","0"
"2005","Canada","2021A000011124","All employees","Forestry, logging and support [11N]","Persons","249","units","0","v1697106","1.1.4","59143","","","","0"
"2006","Canada","2021A000011124","All employees","Forestry, logging and support [11N]","Persons","249","units","0","v1697106","1.1.4","56061","","","","0"
"2007","Canada","2021A000011124","All employees","Forestry, logging and support [11N]","Persons","249","units","0","v1697106","1.1.4","52462","","","","0"
"2008","Canada","2021A000011124","All employees","Forestry, logging and support [11N]","Persons","249","units","0","v1697106","1.1.4","45663","","","","0"
"2009","Canada","2021A000011124","All employees","Forestry, logging and support [11N]","Persons","249","units","0","v1697106","1.1.4","39506","A","","","0"
"2010","Canada","2021A000011124","All employees","Forestry, logging and support [11N]","Persons","249","units","0","v1697106","1.1.4","39874","A","","","0"
"2011","Canada","2021A000011124","All employees","Forestry, logging and support [11N]","Persons","249","units","0","v1697106","1.1.4","40179","A","","","0"
"2012","Canada","2021A000011124","All employees","Forestry, logging and support [11N]","Persons","249","units","0","v1697106","1.1.4","39378","A","","","0"
"2013","Canada","2021A000011124","All employees","Forestry, logging and support [11N]","Persons","249","units","0","v1697106","1.1.4","38318","A","","","0"
"2014","Canada","2021A000011124","All employees","Forestry, logging and support [11N]","Persons","249","units","0","v1697106","1.1.4","38585","A","","","0"
"2015","Canada","2021A000011124","All employees","Forestry, logging and support [11N]","Persons","249","units","0","v1697106","1.1.4","40108","A","","","0"
"2016","Canada","2021A000011124","All employees","Forestry, logging and support [11N]","Persons","249","units","0","v1697106","1.1.4","39858","A","","","0"
"2017","Canada","2021A000011124","All employees","Forestry, logging and support [11N]","Persons","249","units","0","v1697106","1.1.4","39649","A","","","0"
"2018","Canada","2021A000011124","All employees","Forestry, logging and support [11N]","Persons","249","units","0","v1697106","1.1.4","39392","A","","","0"
"2019","Canada","2021A000011124","All employees","Forestry, logging and support [11N]","Persons","249","units","0","v1697106","1.1.4","38547","A","","","0"
"2020","Canada","2021A000011124","All employees","Forestry, logging and support [11N]","Persons","249","units","0","v1697106","1.1.4","35712","B","","","0"
"2021","Canada","2021A000011124","All employees","Forestry, logging and support [11N]","Persons","249","units","0","v1697106","1.1.4","38154","B","","","0"
"2022","Canada","2021A000011124","All employees","Forestry, logging and support [11N]","Persons","249","units","0","v1697106","1.1.4","38032","B","","","0"
"2002","Canada","2021A000011124","All employees","Mining, quarrying, and oil and gas extraction [21]","Persons","249","units","0","v1698623","1.1.10","141225","","","","0"
"2003","Canada","2021A000011124","All employees","Mining, quarrying, and oil and gas extraction [21]","Persons","249","units","0","v1698623","1.1.10","149038","","","","0"
"2004","Canada","2021A000011124","All employees","Mining, quarrying, and oil and gas extraction [21]","Persons","249","units","0","v1698623","1.1.10","153776","","","","0"
"2005","Canada","2021A000011124","All employees","Mining, quarrying, and oil and gas extraction [21]","Persons","249","units","0","v1698623","1.1.10","162488","","","","0"
"2006","Canada","2021A000011124","All employees","Mining, quarrying, and oil and gas extraction [21]","Persons","249","units","0","v1698623","1.1.10","180993","","","","0"
"2007","Canada","2021A000011124","All employees","Mining, quarrying, and oil and gas extraction [21]","Persons","249","units","0","v1698623","1.1.10","192237","","","","0"
"2008","Canada","2021A000011124","All employees","Mining, quarrying, and oil and gas extraction [21]","Persons","249","units","0","v1698623","1.1.10","202506","","","","0"
"2009","Canada","2021A000011124","All employees","Mining, quarrying, and oil and gas extraction [21]","Persons","249","units","0","v1698623","1.1.10","181621","A","","","0"
"2010","Canada","2021A000011124","All employees","Mining, quarrying, and oil and gas extraction [21]","Persons","249","units","0","v1698623","1.1.10","186661","A","","","0"
"2011","Canada","2021A000011124","All employees","Mining, quarrying, and oil and gas extraction [21]","Persons","249","units","0","v1698623","1.1.10","207051","A","","","0"
"2012","Canada","2021A000011124","All employees","Mining, quarrying, and oil and gas extraction [21]","Persons","249","units","0","v1698623","1.1.10","221232","A","","","0"
"2013","Canada","2021A000011124","All employees","Mining, quarrying, and oil and gas extraction [21]","Persons","249","units","0","v1698623","1.1.10","226020","A","","","0"
"2014","Canada","2021A000011124","All employees","Mining, quarrying, and oil and gas extraction [21]","Persons","249","units","0","v1698623","1.1.10","231854","A","","","0"
"2015","Canada","2021A000011124","All employees","Mining, quarrying, and oil and gas extraction [21]","Persons","249","units","0","v1698623","1.1.10","211803","A","","","0"
"2016","Canada","2021A000011124","All employees","Mining, quarrying, and oil and gas extraction [21]","Persons","249","units","0","v1698623","1.1.10","189823","A","","","0"
"2017","Canada","2021A000011124","All employees","Mining, quarrying, and oil and gas extraction [21]","Persons","249","units","0","v1698623","1.1.10","199780","A","","","0"
"2018","Canada","2021A000011124","All employees","Mining, quarrying, and oil and gas extraction [21]","Persons","249","units","0","v1698623","1.1.10","203599","A","","","0"
"2019","Canada","2021A000011124","All employees","Mining, quarrying, and oil and gas extraction [21]","Persons","249","units","0","v1698623","1.1.10","200453","A","","","0"
"2020","Canada","2021A000011124","All employees","Mining, quarrying, and oil and gas extraction [21]","Persons","249","units","0","v1698623","1.1.10","186400","B","","","0"
"2021","Canada","2021A000011124","All employees","Mining, quarrying, and oil and gas extraction [21]","Persons","249","units","0","v1698623","1.1.10","191587","B","","","0"
"2022","Canada","2021A000011124","All employees","Mining, quarrying, and oil and gas extraction [21]","Persons","249","units","0","v1698623","1.1.10","206516","B","","","0"
"2002","Canada","2021A000011124","All employees","Utilities [22,221]","Persons","249","units","0","v1700588","1.1.17","107559","","","","0"
"2003","Canada","2021A000011124","All employees","Utilities [22,221]","Persons","249","units","0","v1700588","1.1.17","108693","","","","0"
"2004","Canada","2021A000011124","All employees","Utilities [22,221]","Persons","249","units","0","v1700588","1.1.17","117080","","","","0"
"2005","Canada","2021A000011124","All employees","Utilities [22,221]","Persons","249","units","0","v1700588","1.1.17","116416","","","","0"
"2006","Canada","2021A000011124","All employees","Utilities [22,221]","Persons","249","units","0","v1700588","1.1.17","116325","","","","0"
"2007","Canada","2021A000011124","All employees","Utilities [22,221]","Persons","249","units","0","v1700588","1.1.17","118246","","","","0"
"2008","Canada","2021A000011124","All employees","Utilities [22,221]","Persons","249","units","0","v1700588","1.1.17","120146","","","","0"
"2009","Canada","2021A000011124","All employees","Utilities [22,221]","Persons","249","units","0","v1700588","1.1.17","118629","A","","","0"
"2010","Canada","2021A000011124","All employees","Utilities [22,221]","Persons","249","units","0","v1700588","1.1.17","118077","A","","","0"
"2011","Canada","2021A000011124","All employees","Utilities [22,221]","Persons","249","units","0","v1700588","1.1.17","123465","A","","","0"
"2012","Canada","2021A000011124","All employees","Utilities [22,221]","Persons","249","units","0","v1700588","1.1.17","122420","A","","","0"
"2013","Canada","2021A000011124","All employees","Utilities [22,221]","Persons","249","units","0","v1700588","1.1.17","118889","A","","","0"
"2014","Canada","2021A000011124","All employees","Utilities [22,221]","Persons","249","units","0","v1700588","1.1.17","117140","A","","","0"
"2015","Canada","2021A000011124","All employees","Utilities [22,221]","Persons","249","units","0","v1700588","1.1.17","115330","A","","","0"
"2016","Canada","2021A000011124","All employees","Utilities [22,221]","Persons","249","units","0","v1700588","1.1.17","118388","A","","","0"
"2017","Canada","2021A000011124","All employees","Utilities [22,221]","Persons","249","units","0","v1700588","1.1.17","120207","A","","","0"
"2018","Canada","2021A000011124","All employees","Utilities [22,221]","Persons","249","units","0","v1700588","1.1.17","124553","A","","","0"
"2019","Canada","2021A000011124","All employees","Utilities [22,221]","Persons","249","units","0","v1700588","1.1.17","127522","A","","","0"
"2020","Canada","2021A000011124","All employees","Utilities [22,221]","Persons","249","units","0","v1700588","1.1.17","123415","B","","","0"
"2021","Canada","2021A000011124","All employees","Utilities [22,221]","Persons","249","units","0","v1700588","1.1.17","124372","A","","","0"
"2022","Canada","2021A000011124","All employees","Utilities [22,221]","Persons","249","units","0","v1700588","1.1.17","128986","B","","","0"
"2002","Canada","2021A000011124","All employees","Construction [23]","Persons","249","units","0","v1702039","1.1.21","607791","","","","0"
"2003","Canada","2021A000011124","All employees","Construction [23]","Persons","249","units","0","v1702039","1.1.21","631305","","","","0"
"2004","Canada","2021A000011124","All employees","Construction [23]","Persons","249","units","0","v1702039","1.1.21","660336","","","","0"
"2005","Canada","2021A000011124","All employees","Construction [23]","Persons","249","units","0","v1702039","1.1.21","692074","","","","0"
"2006","Canada","2021A000011124","All employees","Construction [23]","Persons","249","units","0","v1702039","1.1.21","734259","","","","0"
"2007","Canada","2021A000011124","All employees","Construction [23]","Persons","249","units","0","v1702039","1.1.21","783598","","","","0"
"2008","Canada","2021A000011124","All employees","Construction [23]","Persons","249","units","0","v1702039","1.1.21","829040","","","","0"
"2009","Canada","2021A000011124","All employees","Construction [23]","Persons","249","units","0","v1702039","1.1.21","798023","A","","","0"
"2010","Canada","2021A000011124","All employees","Construction [23]","Persons","249","units","0","v1702039","1.1.21","829771","A","","","0"
"2011","Canada","2021A000011124","All employees","Construction [23]","Persons","249","units","0","v1702039","1.1.21","861421","A","","","0"
"2012","Canada","2021A000011124","All employees","Construction [23]","Persons","249","units","0","v1702039","1.1.21","908487","A","","","0"
"2013","Canada","2021A000011124","All employees","Construction [23]","Persons","249","units","0","v1702039","1.1.21","947081","A","","","0"
"2014","Canada","2021A000011124","All employees","Construction [23]","Persons","249","units","0","v1702039","1.1.21","975309","A","","","0"
"2015","Canada","2021A000011124","All employees","Construction [23]","Persons","249","units","0","v1702039","1.1.21","978772","A","","","0"
"2016","Canada","2021A000011124","All employees","Construction [23]","Persons","249","units","0","v1702039","1.1.21","971337","A","","","0"
"2017","Canada","2021A000011124","All employees","Construction [23]","Persons","249","units","0","v1702039","1.1.21","997332","A","","","0"
"2018","Canada","2021A000011124","All employees","Construction [23]","Persons","249","units","0","v1702039","1.1.21","1021991","A","","","0"
"2019","Canada","2021A000011124","All employees","Construction [23]","Persons","249","units","0","v1702039","1.1.21","1041246","A","","","0"
"2020","Canada","2021A000011124","All employees","Construction [23]","Persons","249","units","0","v1702039","1.1.21","963087","B","","","0"
"2021","Canada","2021A000011124","All employees","Construction [23]","Persons","249","units","0","v1702039","1.1.21","1061077","B","","","0"
"2022","Canada","2021A000011124","All employees","Construction [23]","Persons","249","units","0","v1702039","1.1.21","1130666","B","","","0"
"2002","Canada","2021A000011124","All employees","Manufacturing [31-33]","Persons","249","units","0","v1705855","1.1.34","1931560","","","","0"
"2003","Canada","2021A000011124","All employees","Manufacturing [31-33]","Persons","249","units","0","v1705855","1.1.34","1912266","","","","0"
"2004","Canada","2021A000011124","All employees","Manufacturing [31-33]","Persons","249","units","0","v1705855","1.1.34","1872835","","","","0"
"2005","Canada","2021A000011124","All employees","Manufacturing [31-33]","Persons","249","units","0","v1705855","1.1.34","1841844","","","","0"
"2006","Canada","2021A000011124","All employees","Manufacturing [31-33]","Persons","249","units","0","v1705855","1.1.34","1823037","","","","0"
"2007","Canada","2021A000011124","All employees","Manufacturing [31-33]","Persons","249","units","0","v1705855","1.1.34","1765488","","","","0"
"2008","Canada","2021A000011124","All employees","Manufacturing [31-33]","Persons","249","units","0","v1705855","1.1.34","1681647","","","","0"
"2009","Canada","2021A000011124","All employees","Manufacturing [31-33]","Persons","249","units","0","v1705855","1.1.34","1494252","A","","","0"
"2010","Canada","2021A000011124","All employees","Manufacturing [31-33]","Persons","249","units","0","v1705855","1.1.34","1478349","A","","","0"
"2011","Canada","2021A000011124","All employees","Manufacturing [31-33]","Persons","249","units","0","v1705855","1.1.34","1500179","A","","","0"
"2012","Canada","2021A000011124","All employees","Manufacturing [31-33]","Persons","249","units","0","v1705855","1.1.34","1510766","A","","","0"
"2013","Canada","2021A000011124","All employees","Manufacturing [31-33]","Persons","249","units","0","v1705855","1.1.34","1503528","A","","","0"
"2014","Canada","2021A000011124","All employees","Manufacturing [31-33]","Persons","249","units","0","v1705855","1.1.34","1493895","A","","","0"
"2015","Canada","2021A000011124","All employees","Manufacturing [31-33]","Persons","249","units","0","v1705855","1.1.34","1499795","A","","","0"
"2016","Canada","2021A000011124","All employees","Manufacturing [31-33]","Persons","249","units","0","v1705855","1.1.34","1483045","A","","","0"
"2017","Canada","2021A000011124","All employees","Manufacturing [31-33]","Persons","249","units","0","v1705855","1.1.34","1510547","A","","","0"
"2018","Canada","2021A000011124","All employees","Manufacturing [31-33]","Persons","249","units","0","v1705855","1.1.34","1553628","A","","","0"
"2019","Canada","2021A000011124","All employees","Manufacturing [31-33]","Persons","249","units","0","v1705855","1.1.34","1581417","A","","","0"
"2020","Canada","2021A000011124","All employees","Manufacturing [31-33]","Persons","249","units","0","v1705855","1.1.34","1452867","B","","","0"
"2021","Canada","2021A000011124","All employees","Manufacturing [31-33]","Persons","249","units","0","v1705855","1.1.34","1513773","B","","","0"
"2022","Canada","2021A000011124","All employees","Manufacturing [31-33]","Persons","249","units","0","v1705855","1.1.34","1554624","B","","","0"
"2002","Canada","2021A000011124","All employees","Service producing industries [41-91N]","Persons","249","units","0","v1715355","1.1.143","10230347","","","","0"
"2003","Canada","2021A000011124","All employees","Service producing industries [41-91N]","Persons","249","units","0","v1715355","1.1.143","10447799","","","","0"
"2004","Canada","2021A000011124","All employees","Service producing industries [41-91N]","Persons","249","units","0","v1715355","1.1.143","10597597","","","","0"
"2005","Canada","2021A000011124","All employees","Service producing industries [41-91N]","Persons","249","units","0","v1715355","1.1.143","10815475","","","","0"
"2006","Canada","2021A000011124","All employees","Service producing industries [41-91N]","Persons","249","units","0","v1715355","1.1.143","11154630","","","","0"
"2007","Canada","2021A000011124","All employees","Service producing industries [41-91N]","Persons","249","units","0","v1715355","1.1.143","11480782","","","","0"
"2008","Canada","2021A000011124","All employees","Service producing industries [41-91N]","Persons","249","units","0","v1715355","1.1.143","11787578","","","","0"
"2009","Canada","2021A000011124","All employees","Service producing industries [41-91N]","Persons","249","units","0","v1715355","1.1.143","11743588","A","","","0"
"2010","Canada","2021A000011124","All employees","Service producing industries [41-91N]","Persons","249","units","0","v1715355","1.1.143","11817210","A","","","0"
"2011","Canada","2021A000011124","All employees","Service producing industries [41-91N]","Persons","249","units","0","v1715355","1.1.143","11974364","A","","","0"
"2012","Canada","2021A000011124","All employees","Service producing industries [41-91N]","Persons","249","units","0","v1715355","1.1.143","12173690","A","","","0"
"2013","Canada","2021A000011124","All employees","Service producing industries [41-91N]","Persons","249","units","0","v1715355","1.1.143","12361854","A","","","0"
"2014","Canada","2021A000011124","All employees","Service producing industries [41-91N]","Persons","249","units","0","v1715355","1.1.143","12544419","A","","","0"
"2015","Canada","2021A000011124","All employees","Service producing industries [41-91N]","Persons","249","units","0","v1715355","1.1.143","12699327","A","","","0"
"2016","Canada","2021A000011124","All employees","Service producing industries [41-91N]","Persons","249","units","0","v1715355","1.1.143","12891947","A","","","0"
"2017","Canada","2021A000011124","All employees","Service producing industries [41-91N]","Persons","249","units","0","v1715355","1.1.143","13121319","A","","","0"
"2018","Canada","2021A000011124","All employees","Service producing industries [41-91N]","Persons","249","units","0","v1715355","1.1.143","13397913","A","","","0"
"2019","Canada","2021A000011124","All employees","Service producing industries [41-91N]","Persons","249","units","0","v1715355","1.1.143","13726146","A","","","0"
"2020","Canada","2021A000011124","All employees","Service producing industries [41-91N]","Persons","249","units","0","v1715355","1.1.143","12573718","B","","","0"
"2021","Canada","2021A000011124","All employees","Service producing industries [41-91N]","Persons","249","units","0","v1715355","1.1.143","13262719","B","","","0"
"2022","Canada","2021A000011124","All employees","Service producing industries [41-91N]","Persons","249","units","0","v1715355","1.1.143","14119837","B","","","0"
"2002","Canada","2021A000011124","All employees","Trade [41-45N]","Persons","249","units","0","v1715356","1.1.144","2321831","","","","0"
"2003","Canada","2021A000011124","All employees","Trade [41-45N]","Persons","249","units","0","v1715356","1.1.144","2395501","","","","0"
"2004","Canada","2021A000011124","All employees","Trade [41-45N]","Persons","249","units","0","v1715356","1.1.144","2422987","","","","0"
"2005","Canada","2021A000011124","All employees","Trade [41-45N]","Persons","249","units","0","v1715356","1.1.144","2458347","","","","0"
"2006","Canada","2021A000011124","All employees","Trade [41-45N]","Persons","249","units","0","v1715356","1.1.144","2518475","","","","0"
"2007","Canada","2021A000011124","All employees","Trade [41-45N]","Persons","249","units","0","v1715356","1.1.144","2605266","","","","0"
"2008","Canada","2021A000011124","All employees","Trade [41-45N]","Persons","249","units","0","v1715356","1.1.144","2666167","","","","0"
"2009","Canada","2021A000011124","All employees","Trade [41-45N]","Persons","249","units","0","v1715356","1.1.144","2609984","A","","","0"
"2010","Canada","2021A000011124","All employees","Trade [41-45N]","Persons","249","units","0","v1715356","1.1.144","2600798","A","","","0"
"2011","Canada","2021A000011124","All employees","Trade [41-45N]","Persons","249","units","0","v1715356","1.1.144","2615468","A","","","0"
"2012","Canada","2021A000011124","All employees","Trade [41-45N]","Persons","249","units","0","v1715356","1.1.144","2644483","A","","","0"
"2013","Canada","2021A000011124","All employees","Trade [41-45N]","Persons","249","units","0","v1715356","1.1.144","2677654","A","","","0"
"2014","Canada","2021A000011124","All employees","Trade [41-45N]","Persons","249","units","0","v1715356","1.1.144","2711459","A","","","0"
"2015","Canada","2021A000011124","All employees","Trade [41-45N]","Persons","249","units","0","v1715356","1.1.144","2720102","A","","","0"
"2016","Canada","2021A000011124","All employees","Trade [41-45N]","Persons","249","units","0","v1715356","1.1.144","2725185","A","","","0"
"2017","Canada","2021A000011124","All employees","Trade [41-45N]","Persons","249","units","0","v1715356","1.1.144","2745134","A","","","0"
"2018","Canada","2021A000011124","All employees","Trade [41-45N]","Persons","249","units","0","v1715356","1.1.144","2777653","A","","","0"
"2019","Canada","2021A000011124","All employees","Trade [41-45N]","Persons","249","units","0","v1715356","1.1.144","2821588","A","","","0"
"2020","Canada","2021A000011124","All employees","Trade [41-45N]","Persons","249","units","0","v1715356","1.1.144","2605683","B","","","0"
"2021","Canada","2021A000011124","All employees","Trade [41-45N]","Persons","249","units","0","v1715356","1.1.144","2735768","A","","","0"
"2022","Canada","2021A000011124","All employees","Trade [41-45N]","Persons","249","units","0","v1715356","1.1.144","2825079","B","","","0"
"2002","Canada","2021A000011124","All employees","Transportation and warehousing [48-49]","Persons","249","units","0","v1715462","1.1.215","600094","","","","0"
"2003","Canada","2021A000011124","All employees","Transportation and warehousing [48-49]","Persons","249","units","0","v1715462","1.1.215","607384","","","","0"
"2004","Canada","2021A000011124","All employees","Transportation and warehousing [48-49]","Persons","249","units","0","v1715462","1.1.215","621232","","","","0"
"2005","Canada","2021A000011124","All employees","Transportation and warehousing [48-49]","Persons","249","units","0","v1715462","1.1.215","633026","","","","0"
"2006","Canada","2021A000011124","All employees","Transportation and warehousing [48-49]","Persons","249","units","0","v1715462","1.1.215","651237","","","","0"
"2007","Canada","2021A000011124","All employees","Transportation and warehousing [48-49]","Persons","249","units","0","v1715462","1.1.215","667037","","","","0"
"2008","Canada","2021A000011124","All employees","Transportation and warehousing [48-49]","Persons","249","units","0","v1715462","1.1.215","673216","","","","0"
"2009","Canada","2021A000011124","All employees","Transportation and warehousing [48-49]","Persons","249","units","0","v1715462","1.1.215","661414","A","","","0"
"2010","Canada","2021A000011124","All employees","Transportation and warehousing [48-49]","Persons","249","units","0","v1715462","1.1.215","660179","A","","","0"
"2011","Canada","2021A000011124","All employees","Transportation and warehousing [48-49]","Persons","249","units","0","v1715462","1.1.215","674508","A","","","0"
"2012","Canada","2021A000011124","All employees","Transportation and warehousing [48-49]","Persons","249","units","0","v1715462","1.1.215","693966","A","","","0"
"2013","Canada","2021A000011124","All employees","Transportation and warehousing [48-49]","Persons","249","units","0","v1715462","1.1.215","706633","A","","","0"
"2014","Canada","2021A000011124","All employees","Transportation and warehousing [48-49]","Persons","249","units","0","v1715462","1.1.215","715524","A","","","0"
"2015","Canada","2021A000011124","All employees","Transportation and warehousing [48-49]","Persons","249","units","0","v1715462","1.1.215","722344","A","","","0"
"2016","Canada","2021A000011124","All employees","Transportation and warehousing [48-49]","Persons","249","units","0","v1715462","1.1.215","728463","A","","","0"
"2017","Canada","2021A000011124","All employees","Transportation and warehousing [48-49]","Persons","249","units","0","v1715462","1.1.215","739313","A","","","0"
"2018","Canada","2021A000011124","All employees","Transportation and warehousing [48-49]","Persons","249","units","0","v1715462","1.1.215","759913","A","","","0"
"2019","Canada","2021A000011124","All employees","Transportation and warehousing [48-49]","Persons","249","units","0","v1715462","1.1.215","782467","A","","","0"
"2020","Canada","2021A000011124","All employees","Transportation and warehousing [48-49]","Persons","249","units","0","v1715462","1.1.215","743790","B","","","0"
"2021","Canada","2021A000011124","All employees","Transportation and warehousing [48-49]","Persons","249","units","0","v1715462","1.1.215","767654","B","","","0"
"2022","Canada","2021A000011124","All employees","Transportation and warehousing [48-49]","Persons","249","units","0","v1715462","1.1.215","806581","B","","","0"
"2002","Canada","2021A000011124","All employees","Information and cultural industries [51]","Persons","249","units","0","v1715486","1.1.253","325764","","","","0"
"2003","Canada","2021A000011124","All employees","Information and cultural industries [51]","Persons","249","units","0","v1715486","1.1.253","320494","","","","0"
"2004","Canada","2021A000011124","All employees","Information and cultural industries [51]","Persons","249","units","0","v1715486","1.1.253","317234","","","","0"
"2005","Canada","2021A000011124","All employees","Information and cultural industries [51]","Persons","249","units","0","v1715486","1.1.253","321738","","","","0"
"2006","Canada","2021A000011124","All employees","Information and cultural industries [51]","Persons","249","units","0","v1715486","1.1.253","325536","","","","0"
"2007","Canada","2021A000011124","All employees","Information and cultural industries [51]","Persons","249","units","0","v1715486","1.1.253","336250","","","","0"
"2008","Canada","2021A000011124","All employees","Information and cultural industries [51]","Persons","249","units","0","v1715486","1.1.253","340089","","","","0"
"2009","Canada","2021A000011124","All employees","Information and cultural industries [51]","Persons","249","units","0","v1715486","1.1.253","333176","A","","","0"
"2010","Canada","2021A000011124","All employees","Information and cultural industries [51]","Persons","249","units","0","v1715486","1.1.253","335592","A","","","0"
"2011","Canada","2021A000011124","All employees","Information and cultural industries [51]","Persons","249","units","0","v1715486","1.1.253","343728","A","","","0"
"2012","Canada","2021A000011124","All employees","Information and cultural industries [51]","Persons","249","units","0","v1715486","1.1.253","347397","A","","","0"
"2013","Canada","2021A000011124","All employees","Information and cultural industries [51]","Persons","249","units","0","v1715486","1.1.253","344866","A","","","0"
"2014","Canada","2021A000011124","All employees","Information and cultural industries [51]","Persons","249","units","0","v1715486","1.1.253","345474","A","","","0"
"2015","Canada","2021A000011124","All employees","Information and cultural industries [51]","Persons","249","units","0","v1715486","1.1.253","351664","A","","","0"
"2016","Canada","2021A000011124","All employees","Information and cultural industries [51]","Persons","249","units","0","v1715486","1.1.253","353363","A","","","0"
"2017","Canada","2021A000011124","All employees","Information and cultural industries [51]","Persons","249","units","0","v1715486","1.1.253","361884","A","","","0"
"2018","Canada","2021A000011124","All employees","Information and cultural industries [51]","Persons","249","units","0","v1715486","1.1.253","356330","A","","","0"
"2019","Canada","2021A000011124","All employees","Information and cultural industries [51]","Persons","249","units","0","v1715486","1.1.253","355886","A","","","0"
"2020","Canada","2021A000011124","All employees","Information and cultural industries [51]","Persons","249","units","0","v1715486","1.1.253","334752","B","","","0"
"2021","Canada","2021A000011124","All employees","Information and cultural industries [51]","Persons","249","units","0","v1715486","1.1.253","355844","A","","","0"
"2022","Canada","2021A000011124","All employees","Information and cultural industries [51]","Persons","249","units","0","v1715486","1.1.253","381336","B","","","0"
"2002","Canada","2021A000011124","All employees","Finance and insurance [52]","Persons","249","units","0","v1715499","1.1.267","561244","","","","0"
"2003","Canada","2021A000011124","All employees","Finance and insurance [52]","Persons","249","units","0","v1715499","1.1.267","564023","","","","0"
"2004","Canada","2021A000011124","All employees","Finance and insurance [52]","Persons","249","units","0","v1715499","1.1.267","572913","","","","0"
"2005","Canada","2021A000011124","All employees","Finance and insurance [52]","Persons","249","units","0","v1715499","1.1.267","588758","","","","0"
"2006","Canada","2021A000011124","All employees","Finance and insurance [52]","Persons","249","units","0","v1715499","1.1.267","611437","","","","0"
"2007","Canada","2021A000011124","All employees","Finance and insurance [52]","Persons","249","units","0","v1715499","1.1.267","637835","","","","0"
"2008","Canada","2021A000011124","All employees","Finance and insurance [52]","Persons","249","units","0","v1715499","1.1.267","662331","","","","0"
"2009","Canada","2021A000011124","All employees","Finance and insurance [52]","Persons","249","units","0","v1715499","1.1.267","670697","A","","","0"
"2010","Canada","2021A000011124","All employees","Finance and insurance [52]","Persons","249","units","0","v1715499","1.1.267","683127","A","","","0"
"2011","Canada","2021A000011124","All employees","Finance and insurance [52]","Persons","249","units","0","v1715499","1.1.267","685464","A","","","0"
"2012","Canada","2021A000011124","All employees","Finance and insurance [52]","Persons","249","units","0","v1715499","1.1.267","693582","A","","","0"
"2013","Canada","2021A000011124","All employees","Finance and insurance [52]","Persons","249","units","0","v1715499","1.1.267","699020","A","","","0"
"2014","Canada","2021A000011124","All employees","Finance and insurance [52]","Persons","249","units","0","v1715499","1.1.267","704903","A","","","0"
"2015","Canada","2021A000011124","All employees","Finance and insurance [52]","Persons","249","units","0","v1715499","1.1.267","711437","A","","","0"
"2016","Canada","2021A000011124","All employees","Finance and insurance [52]","Persons","249","units","0","v1715499","1.1.267","721305","A","","","0"
"2017","Canada","2021A000011124","All employees","Finance and insurance [52]","Persons","249","units","0","v1715499","1.1.267","725636","A","","","0"
"2018","Canada","2021A000011124","All employees","Finance and insurance [52]","Persons","249","units","0","v1715499","1.1.267","734981","A","","","0"
"2019","Canada","2021A000011124","All employees","Finance and insurance [52]","Persons","249","units","0","v1715499","1.1.267","749771","A","","","0"
"2020","Canada","2021A000011124","All employees","Finance and insurance [52]","Persons","249","units","0","v1715499","1.1.267","736001","A","","","0"
"2021","Canada","2021A000011124","All employees","Finance and insurance [52]","Persons","249","units","0","v1715499","1.1.267","763217","A","","","0"
"2022","Canada","2021A000011124","All employees","Finance and insurance [52]","Persons","249","units","0","v1715499","1.1.267","807630","A","","","0"
"2002","Canada","2021A000011124","All employees","Real estate and rental and leasing [53]","Persons","249","units","0","v1715508","1.1.284","224784","","","","0"
"2003","Canada","2021A000011124","All employees","Real estate and rental and leasing [53]","Persons","249","units","0","v1715508","1.1.284","228306","","","","0"
"2004","Canada","2021A000011124","All employees","Real estate and rental and leasing [53]","Persons","249","units","0","v1715508","1.1.284","235648","","","","0"
"2005","Canada","2021A000011124","All employees","Real estate and rental and leasing [53]","Persons","249","units","0","v1715508","1.1.284","244206","","","","0"
"2006","Canada","2021A000011124","All employees","Real estate and rental and leasing [53]","Persons","249","units","0","v1715508","1.1.284","251540","","","","0"
"2007","Canada","2021A000011124","All employees","Real estate and rental and leasing [53]","Persons","249","units","0","v1715508","1.1.284","255394","","","","0"
"2008","Canada","2021A000011124","All employees","Real estate and rental and leasing [53]","Persons","249","units","0","v1715508","1.1.284","260901","","","","0"
"2009","Canada","2021A000011124","All employees","Real estate and rental and leasing [53]","Persons","249","units","0","v1715508","1.1.284","251891","A","","","0"
"2010","Canada","2021A000011124","All employees","Real estate and rental and leasing [53]","Persons","249","units","0","v1715508","1.1.284","251148","A","","","0"
"2011","Canada","2021A000011124","All employees","Real estate and rental and leasing [53]","Persons","249","units","0","v1715508","1.1.284","254254","A","","","0"
"2012","Canada","2021A000011124","All employees","Real estate and rental and leasing [53]","Persons","249","units","0","v1715508","1.1.284","255817","A","","","0"
"2013","Canada","2021A000011124","All employees","Real estate and rental and leasing [53]","Persons","249","units","0","v1715508","1.1.284","269284","A","","","0"
"2014","Canada","2021A000011124","All employees","Real estate and rental and leasing [53]","Persons","249","units","0","v1715508","1.1.284","280683","A","","","0"
"2015","Canada","2021A000011124","All employees","Real estate and rental and leasing [53]","Persons","249","units","0","v1715508","1.1.284","288992","A","","","0"
"2016","Canada","2021A000011124","All employees","Real estate and rental and leasing [53]","Persons","249","units","0","v1715508","1.1.284","292443","A","","","0"
"2017","Canada","2021A000011124","All employees","Real estate and rental and leasing [53]","Persons","249","units","0","v1715508","1.1.284","294433","A","","","0"
"2018","Canada","2021A000011124","All employees","Real estate and rental and leasing [53]","Persons","249","units","0","v1715508","1.1.284","294175","A","","","0"
"2019","Canada","2021A000011124","All employees","Real estate and rental and leasing [53]","Persons","249","units","0","v1715508","1.1.284","297339","A","","","0"
"2020","Canada","2021A000011124","All employees","Real estate and rental and leasing [53]","Persons","249","units","0","v1715508","1.1.284","251921","B","","","0"
"2021","Canada","2021A000011124","All employees","Real estate and rental and leasing [53]","Persons","249","units","0","v1715508","1.1.284","262180","A","","","0"
"2022","Canada","2021A000011124","All employees","Real estate and rental and leasing [53]","Persons","249","units","0","v1715508","1.1.284","283777","B","","","0"
"2002","Canada","2021A000011124","All employees","Professional, scientific and technical services [54,541]","Persons","249","units","0","v1715517","1.1.295","641304","","","","0"
"2003","Canada","2021A000011124","All employees","Professional, scientific and technical services [54,541]","Persons","249","units","0","v1715517","1.1.295","645547","","","","0"
"2004","Canada","2021A000011124","All employees","Professional, scientific and technical services [54,541]","Persons","249","units","0","v1715517","1.1.295","648627","","","","0"
"2005","Canada","2021A000011124","All employees","Professional, scientific and technical services [54,541]","Persons","249","units","0","v1715517","1.1.295","672362","","","","0"
"2006","Canada","2021A000011124","All employees","Professional, scientific and technical services [54,541]","Persons","249","units","0","v1715517","1.1.295","709858","","","","0"
"2007","Canada","2021A000011124","All employees","Professional, scientific and technical services [54,541]","Persons","249","units","0","v1715517","1.1.295","743166","","","","0"
"2008","Canada","2021A000011124","All employees","Professional, scientific and technical services [54,541]","Persons","249","units","0","v1715517","1.1.295","771944","","","","0"
"2009","Canada","2021A000011124","All employees","Professional, scientific and technical services [54,541]","Persons","249","units","0","v1715517","1.1.295","756270","A","","","0"
"2010","Canada","2021A000011124","All employees","Professional, scientific and technical services [54,541]","Persons","249","units","0","v1715517","1.1.295","762199","A","","","0"
"2011","Canada","2021A000011124","All employees","Professional, scientific and technical services [54,541]","Persons","249","units","0","v1715517","1.1.295","786038","A","","","0"
"2012","Canada","2021A000011124","All employees","Professional, scientific and technical services [54,541]","Persons","249","units","0","v1715517","1.1.295","810718","A","","","0"
"2013","Canada","2021A000011124","All employees","Professional, scientific and technical services [54,541]","Persons","249","units","0","v1715517","1.1.295","821835","A","","","0"
"2014","Canada","2021A000011124","All employees","Professional, scientific and technical services [54,541]","Persons","249","units","0","v1715517","1.1.295","841805","A","","","0"
"2015","Canada","2021A000011124","All employees","Professional, scientific and technical services [54,541]","Persons","249","units","0","v1715517","1.1.295","854594","A","","","0"
"2016","Canada","2021A000011124","All employees","Professional, scientific and technical services [54,541]","Persons","249","units","0","v1715517","1.1.295","862557","A","","","0"
"2017","Canada","2021A000011124","All employees","Professional, scientific and technical services [54,541]","Persons","249","units","0","v1715517","1.1.295","891085","A","","","0"
"2018","Canada","2021A000011124","All employees","Professional, scientific and technical services [54,541]","Persons","249","units","0","v1715517","1.1.295","931193","A","","","0"
"2019","Canada","2021A000011124","All employees","Professional, scientific and technical services [54,541]","Persons","249","units","0","v1715517","1.1.295","973837","A","","","0"
"2020","Canada","2021A000011124","All employees","Professional, scientific and technical services [54,541]","Persons","249","units","0","v1715517","1.1.295","953110","B","","","0"
"2021","Canada","2021A000011124","All employees","Professional, scientific and technical services [54,541]","Persons","249","units","0","v1715517","1.1.295","1049560","A","","","0"
"2022","Canada","2021A000011124","All employees","Professional, scientific and technical services [54,541]","Persons","249","units","0","v1715517","1.1.295","1165596","B","","","0"
"2002","Canada","2021A000011124","All employees","Management of companies and enterprises [55,551,5511]","Persons","249","units","0","v1715523","1.1.306","95982","","","","0"
"2003","Canada","2021A000011124","All employees","Management of companies and enterprises [55,551,5511]","Persons","249","units","0","v1715523","1.1.306","94415","","","","0"
"2004","Canada","2021A000011124","All employees","Management of companies and enterprises [55,551,5511]","Persons","249","units","0","v1715523","1.1.306","94293","","","","0"
"2005","Canada","2021A000011124","All employees","Management of companies and enterprises [55,551,5511]","Persons","249","units","0","v1715523","1.1.306","97714","","","","0"
"2006","Canada","2021A000011124","All employees","Management of companies and enterprises [55,551,5511]","Persons","249","units","0","v1715523","1.1.306","101524","","","","0"
"2007","Canada","2021A000011124","All employees","Management of companies and enterprises [55,551,5511]","Persons","249","units","0","v1715523","1.1.306","107134","","","","0"
"2008","Canada","2021A000011124","All employees","Management of companies and enterprises [55,551,5511]","Persons","249","units","0","v1715523","1.1.306","116301","","","","0"
"2009","Canada","2021A000011124","All employees","Management of companies and enterprises [55,551,5511]","Persons","249","units","0","v1715523","1.1.306","112178","A","","","0"
"2010","Canada","2021A000011124","All employees","Management of companies and enterprises [55,551,5511]","Persons","249","units","0","v1715523","1.1.306","107055","A","","","0"
"2011","Canada","2021A000011124","All employees","Management of companies and enterprises [55,551,5511]","Persons","249","units","0","v1715523","1.1.306","103624","A","","","0"
"2012","Canada","2021A000011124","All employees","Management of companies and enterprises [55,551,5511]","Persons","249","units","0","v1715523","1.1.306","110939","A","","","0"
"2013","Canada","2021A000011124","All employees","Management of companies and enterprises [55,551,5511]","Persons","249","units","0","v1715523","1.1.306","106477","A","","","0"
"2014","Canada","2021A000011124","All employees","Management of companies and enterprises [55,551,5511]","Persons","249","units","0","v1715523","1.1.306","104559","A","","","0"
"2015","Canada","2021A000011124","All employees","Management of companies and enterprises [55,551,5511]","Persons","249","units","0","v1715523","1.1.306","102592","A","","","0"
"2016","Canada","2021A000011124","All employees","Management of companies and enterprises [55,551,5511]","Persons","249","units","0","v1715523","1.1.306","97235","A","","","0"
"2017","Canada","2021A000011124","All employees","Management of companies and enterprises [55,551,5511]","Persons","249","units","0","v1715523","1.1.306","96876","A","","","0"
"2018","Canada","2021A000011124","All employees","Management of companies and enterprises [55,551,5511]","Persons","249","units","0","v1715523","1.1.306","101884","A","","","0"
"2019","Canada","2021A000011124","All employees","Management of companies and enterprises [55,551,5511]","Persons","249","units","0","v1715523","1.1.306","108830","A","","","0"
"2020","Canada","2021A000011124","All employees","Management of companies and enterprises [55,551,5511]","Persons","249","units","0","v1715523","1.1.306","110472","B","","","0"
"2021","Canada","2021A000011124","All employees","Management of companies and enterprises [55,551,5511]","Persons","249","units","0","v1715523","1.1.306","118827","A","","","0"
"2022","Canada","2021A000011124","All employees","Management of companies and enterprises [55,551,5511]","Persons","249","units","0","v1715523","1.1.306","122613","B","","","0"
"2002","Canada","2021A000011124","All employees","Administrative and support, waste management and remediation services [56]","Persons","249","units","0","v1715524","1.1.307","593660","","","","0"
"2003","Canada","2021A000011124","All employees","Administrative and support, waste management and remediation services [56]","Persons","249","units","0","v1715524","1.1.307","624239","","","","0"
"2004","Canada","2021A000011124","All employees","Administrative and support, waste management and remediation services [56]","Persons","249","units","0","v1715524","1.1.307","665765","","","","0"
"2005","Canada","2021A000011124","All employees","Administrative and support, waste management and remediation services [56]","Persons","249","units","0","v1715524","1.1.307","699662","","","","0"
"2006","Canada","2021A000011124","All employees","Administrative and support, waste management and remediation services [56]","Persons","249","units","0","v1715524","1.1.307","745405","","","","0"
"2007","Canada","2021A000011124","All employees","Administrative and support, waste management and remediation services [56]","Persons","249","units","0","v1715524","1.1.307","762895","","","","0"
"2008","Canada","2021A000011124","All employees","Administrative and support, waste management and remediation services [56]","Persons","249","units","0","v1715524","1.1.307","774397","","","","0"
"2009","Canada","2021A000011124","All employees","Administrative and support, waste management and remediation services [56]","Persons","249","units","0","v1715524","1.1.307","723578","A","","","0"
"2010","Canada","2021A000011124","All employees","Administrative and support, waste management and remediation services [56]","Persons","249","units","0","v1715524","1.1.307","732587","A","","","0"
"2011","Canada","2021A000011124","All employees","Administrative and support, waste management and remediation services [56]","Persons","249","units","0","v1715524","1.1.307","743067","A","","","0"
"2012","Canada","2021A000011124","All employees","Administrative and support, waste management and remediation services [56]","Persons","249","units","0","v1715524","1.1.307","756438","A","","","0"
"2013","Canada","2021A000011124","All employees","Administrative and support, waste management and remediation services [56]","Persons","249","units","0","v1715524","1.1.307","770754","A","","","0"
"2014","Canada","2021A000011124","All employees","Administrative and support, waste management and remediation services [56]","Persons","249","units","0","v1715524","1.1.307","785430","A","","","0"
"2015","Canada","2021A000011124","All employees","Administrative and support, waste management and remediation services [56]","Persons","249","units","0","v1715524","1.1.307","787695","A","","","0"
"2016","Canada","2021A000011124","All employees","Administrative and support, waste management and remediation services [56]","Persons","249","units","0","v1715524","1.1.307","793977","A","","","0"
"2017","Canada","2021A000011124","All employees","Administrative and support, waste management and remediation services [56]","Persons","249","units","0","v1715524","1.1.307","808057","A","","","0"
"2018","Canada","2021A000011124","All employees","Administrative and support, waste management and remediation services [56]","Persons","249","units","0","v1715524","1.1.307","822614","A","","","0"
"2019","Canada","2021A000011124","All employees","Administrative and support, waste management and remediation services [56]","Persons","249","units","0","v1715524","1.1.307","845595","A","","","0"
"2020","Canada","2021A000011124","All employees","Administrative and support, waste management and remediation services [56]","Persons","249","units","0","v1715524","1.1.307","763254","B","","","0"
"2021","Canada","2021A000011124","All employees","Administrative and support, waste management and remediation services [56]","Persons","249","units","0","v1715524","1.1.307","798973","B","","","0"
"2022","Canada","2021A000011124","All employees","Administrative and support, waste management and remediation services [56]","Persons","249","units","0","v1715524","1.1.307","832083","B","","","0"
"2002","Canada","2021A000011124","All employees","Educational services [61,611]","Persons","249","units","0","v1715533","1.1.321","1013364","","","","0"
"2003","Canada","2021A000011124","All employees","Educational services [61,611]","Persons","249","units","0","v1715533","1.1.321","1022791","","","","0"
"2004","Canada","2021A000011124","All employees","Educational services [61,611]","Persons","249","units","0","v1715533","1.1.321","1043225","","","","0"
"2005","Canada","2021A000011124","All employees","Educational services [61,611]","Persons","249","units","0","v1715533","1.1.321","1061008","","","","0"
"2006","Canada","2021A000011124","All employees","Educational services [61,611]","Persons","249","units","0","v1715533","1.1.321","1085105","","","","0"
"2007","Canada","2021A000011124","All employees","Educational services [61,611]","Persons","249","units","0","v1715533","1.1.321","1111371","","","","0"
"2008","Canada","2021A000011124","All employees","Educational services [61,611]","Persons","249","units","0","v1715533","1.1.321","1137086","","","","0"
"2009","Canada","2021A000011124","All employees","Educational services [61,611]","Persons","249","units","0","v1715533","1.1.321","1154028","A","","","0"
"2010","Canada","2021A000011124","All employees","Educational services [61,611]","Persons","249","units","0","v1715533","1.1.321","1164665","A","","","0"
"2011","Canada","2021A000011124","All employees","Educational services [61,611]","Persons","249","units","0","v1715533","1.1.321","1159904","A","","","0"
"2012","Canada","2021A000011124","All employees","Educational services [61,611]","Persons","249","units","0","v1715533","1.1.321","1174971","A","","","0"
"2013","Canada","2021A000011124","All employees","Educational services [61,611]","Persons","249","units","0","v1715533","1.1.321","1203817","A","","","0"
"2014","Canada","2021A000011124","All employees","Educational services [61,611]","Persons","249","units","0","v1715533","1.1.321","1217314","A","","","0"
"2015","Canada","2021A000011124","All employees","Educational services [61,611]","Persons","249","units","0","v1715533","1.1.321","1232970","A","","","0"
"2016","Canada","2021A000011124","All employees","Educational services [61,611]","Persons","249","units","0","v1715533","1.1.321","1253753","A","","","0"
"2017","Canada","2021A000011124","All employees","Educational services [61,611]","Persons","249","units","0","v1715533","1.1.321","1279394","A","","","0"
"2018","Canada","2021A000011124","All employees","Educational services [61,611]","Persons","249","units","0","v1715533","1.1.321","1316932","A","","","0"
"2019","Canada","2021A000011124","All employees","Educational services [61,611]","Persons","249","units","0","v1715533","1.1.321","1355803","A","","","0"
"2020","Canada","2021A000011124","All employees","Educational services [61,611]","Persons","249","units","0","v1715533","1.1.321","1281792","A","","","0"
"2021","Canada","2021A000011124","All employees","Educational services [61,611]","Persons","249","units","0","v1715533","1.1.321","1330523","A","","","0"
"2022","Canada","2021A000011124","All employees","Educational services [61,611]","Persons","249","units","0","v1715533","1.1.321","1393587","B","","","0"
"2002","Canada","2021A000011124","All employees","Health care and social assistance [62]","Persons","249","units","0","v1715412","1.1.331","1346782","","","","0"
"2003","Canada","2021A000011124","All employees","Health care and social assistance [62]","Persons","249","units","0","v1715412","1.1.331","1383459","","","","0"
"2004","Canada","2021A000011124","All employees","Health care and social assistance [62]","Persons","249","units","0","v1715412","1.1.331","1398916","","","","0"
"2005","Canada","2021A000011124","All employees","Health care and social assistance [62]","Persons","249","units","0","v1715412","1.1.331","1427028","","","","0"
"2006","Canada","2021A000011124","All employees","Health care and social assistance [62]","Persons","249","units","0","v1715412","1.1.331","1468460","","","","0"
"2007","Canada","2021A000011124","All employees","Health care and social assistance [62]","Persons","249","units","0","v1715412","1.1.331","1500750","","","","0"
"2008","Canada","2021A000011124","All employees","Health care and social assistance [62]","Persons","249","units","0","v1715412","1.1.331","1544372","","","","0"
"2009","Canada","2021A000011124","All employees","Health care and social assistance [62]","Persons","249","units","0","v1715412","1.1.331","1604508","A","","","0"
"2010","Canada","2021A000011124","All employees","Health care and social assistance [62]","Persons","249","units","0","v1715412","1.1.331","1644306","A","","","0"
"2011","Canada","2021A000011124","All employees","Health care and social assistance [62]","Persons","249","units","0","v1715412","1.1.331","1683292","A","","","0"
"2012","Canada","2021A000011124","All employees","Health care and social assistance [62]","Persons","249","units","0","v1715412","1.1.331","1720554","A","","","0"
"2013","Canada","2021A000011124","All employees","Health care and social assistance [62]","Persons","249","units","0","v1715412","1.1.331","1752567","A","","","0"
"2014","Canada","2021A000011124","All employees","Health care and social assistance [62]","Persons","249","units","0","v1715412","1.1.331","1790862","A","","","0"
"2015","Canada","2021A000011124","All employees","Health care and social assistance [62]","Persons","249","units","0","v1715412","1.1.331","1837557","A","","","0"
"2016","Canada","2021A000011124","All employees","Health care and social assistance [62]","Persons","249","units","0","v1715412","1.1.331","1908828","A","","","0"
"2017","Canada","2021A000011124","All employees","Health care and social assistance [62]","Persons","249","units","0","v1715412","1.1.331","1957406","A","","","0"
"2018","Canada","2021A000011124","All employees","Health care and social assistance [62]","Persons","249","units","0","v1715412","1.1.331","2015661","A","","","0"
"2019","Canada","2021A000011124","All employees","Health care and social assistance [62]","Persons","249","units","0","v1715412","1.1.331","2078156","A","","","0"
"2020","Canada","2021A000011124","All employees","Health care and social assistance [62]","Persons","249","units","0","v1715412","1.1.331","2023386","A","","","0"
"2021","Canada","2021A000011124","All employees","Health care and social assistance [62]","Persons","249","units","0","v1715412","1.1.331","2155721","A","","","0"
"2022","Canada","2021A000011124","All employees","Health care and social assistance [62]","Persons","249","units","0","v1715412","1.1.331","2223413","B","","","0"
"2002","Canada","2021A000011124","All employees","Arts, entertainment and recreation [71]","Persons","249","units","0","v1715429","1.1.354","213927","","","","0"
"2003","Canada","2021A000011124","All employees","Arts, entertainment and recreation [71]","Persons","249","units","0","v1715429","1.1.354","223125","","","","0"
"2004","Canada","2021A000011124","All employees","Arts, entertainment and recreation [71]","Persons","249","units","0","v1715429","1.1.354","229688","","","","0"
"2005","Canada","2021A000011124","All employees","Arts, entertainment and recreation [71]","Persons","249","units","0","v1715429","1.1.354","230601","","","","0"
"2006","Canada","2021A000011124","All employees","Arts, entertainment and recreation [71]","Persons","249","units","0","v1715429","1.1.354","237962","","","","0"
"2007","Canada","2021A000011124","All employees","Arts, entertainment and recreation [71]","Persons","249","units","0","v1715429","1.1.354","242160","","","","0"
"2008","Canada","2021A000011124","All employees","Arts, entertainment and recreation [71]","Persons","249","units","0","v1715429","1.1.354","242089","","","","0"
"2009","Canada","2021A000011124","All employees","Arts, entertainment and recreation [71]","Persons","249","units","0","v1715429","1.1.354","249275","A","","","0"
"2010","Canada","2021A000011124","All employees","Arts, entertainment and recreation [71]","Persons","249","units","0","v1715429","1.1.354","245253","A","","","0"
"2011","Canada","2021A000011124","All employees","Arts, entertainment and recreation [71]","Persons","249","units","0","v1715429","1.1.354","247982","A","","","0"
"2012","Canada","2021A000011124","All employees","Arts, entertainment and recreation [71]","Persons","249","units","0","v1715429","1.1.354","250468","A","","","0"
"2013","Canada","2021A000011124","All employees","Arts, entertainment and recreation [71]","Persons","249","units","0","v1715429","1.1.354","252381","A","","","0"
"2014","Canada","2021A000011124","All employees","Arts, entertainment and recreation [71]","Persons","249","units","0","v1715429","1.1.354","255514","A","","","0"
"2015","Canada","2021A000011124","All employees","Arts, entertainment and recreation [71]","Persons","249","units","0","v1715429","1.1.354","265431","A","","","0"
"2016","Canada","2021A000011124","All employees","Arts, entertainment and recreation [71]","Persons","249","units","0","v1715429","1.1.354","283949","A","","","0"
"2017","Canada","2021A000011124","All employees","Arts, entertainment and recreation [71]","Persons","249","units","0","v1715429","1.1.354","293507","A","","","0"
"2018","Canada","2021A000011124","All employees","Arts, entertainment and recreation [71]","Persons","249","units","0","v1715429","1.1.354","301719","A","","","0"
"2019","Canada","2021A000011124","All employees","Arts, entertainment and recreation [71]","Persons","249","units","0","v1715429","1.1.354","312300","A","","","0"
"2020","Canada","2021A000011124","All employees","Arts, entertainment and recreation [71]","Persons","249","units","0","v1715429","1.1.354","217701","B","","","0"
"2021","Canada","2021A000011124","All employees","Arts, entertainment and recreation [71]","Persons","249","units","0","v1715429","1.1.354","224168","B","","","0"
"2022","Canada","2021A000011124","All employees","Arts, entertainment and recreation [71]","Persons","249","units","0","v1715429","1.1.354","285056","B","","","0"
"2002","Canada","2021A000011124","All employees","Accommodation and food services [72]","Persons","249","units","0","v1715438","1.1.367","965480","","","","0"
"2003","Canada","2021A000011124","All employees","Accommodation and food services [72]","Persons","249","units","0","v1715438","1.1.367","971834","","","","0"
"2004","Canada","2021A000011124","All employees","Accommodation and food services [72]","Persons","249","units","0","v1715438","1.1.367","969854","","","","0"
"2005","Canada","2021A000011124","All employees","Accommodation and food services [72]","Persons","249","units","0","v1715438","1.1.367","976863","","","","0"
"2006","Canada","2021A000011124","All employees","Accommodation and food services [72]","Persons","249","units","0","v1715438","1.1.367","1007775","","","","0"
"2007","Canada","2021A000011124","All employees","Accommodation and food services [72]","Persons","249","units","0","v1715438","1.1.367","1045654","","","","0"
"2008","Canada","2021A000011124","All employees","Accommodation and food services [72]","Persons","249","units","0","v1715438","1.1.367","1078796","","","","0"
"2009","Canada","2021A000011124","All employees","Accommodation and food services [72]","Persons","249","units","0","v1715438","1.1.367","1074274","A","","","0"
"2010","Canada","2021A000011124","All employees","Accommodation and food services [72]","Persons","249","units","0","v1715438","1.1.367","1072526","A","","","0"
"2011","Canada","2021A000011124","All employees","Accommodation and food services [72]","Persons","249","units","0","v1715438","1.1.367","1099092","A","","","0"
"2012","Canada","2021A000011124","All employees","Accommodation and food services [72]","Persons","249","units","0","v1715438","1.1.367","1140043","A","","","0"
"2013","Canada","2021A000011124","All employees","Accommodation and food services [72]","Persons","249","units","0","v1715438","1.1.367","1178634","A","","","0"
"2014","Canada","2021A000011124","All employees","Accommodation and food services [72]","Persons","249","units","0","v1715438","1.1.367","1201256","A","","","0"
"2015","Canada","2021A000011124","All employees","Accommodation and food services [72]","Persons","249","units","0","v1715438","1.1.367","1234842","A","","","0"
"2016","Canada","2021A000011124","All employees","Accommodation and food services [72]","Persons","249","units","0","v1715438","1.1.367","1268379","A","","","0"
"2017","Canada","2021A000011124","All employees","Accommodation and food services [72]","Persons","249","units","0","v1715438","1.1.367","1299782","A","","","0"
"2018","Canada","2021A000011124","All employees","Accommodation and food services [72]","Persons","249","units","0","v1715438","1.1.367","1319480","A","","","0"
"2019","Canada","2021A000011124","All employees","Accommodation and food services [72]","Persons","249","units","0","v1715438","1.1.367","1342050","A","","","0"
"2020","Canada","2021A000011124","All employees","Accommodation and food services [72]","Persons","249","units","0","v1715438","1.1.367","961883","B","","","0"
"2021","Canada","2021A000011124","All employees","Accommodation and food services [72]","Persons","249","units","0","v1715438","1.1.367","1033818","B","","","0"
"2022","Canada","2021A000011124","All employees","Accommodation and food services [72]","Persons","249","units","0","v1715438","1.1.367","1236082","B","","","0"
"2002","Canada","2021A000011124","All employees","Other services (except public administration) [81]","Persons","249","units","0","v1715444","1.1.377","467861","","","","0"
"2003","Canada","2021A000011124","All employees","Other services (except public administration) [81]","Persons","249","units","0","v1715444","1.1.377","470190","","","","0"
"2004","Canada","2021A000011124","All employees","Other services (except public administration) [81]","Persons","249","units","0","v1715444","1.1.377","474143","","","","0"
"2005","Canada","2021A000011124","All employees","Other services (except public administration) [81]","Persons","249","units","0","v1715444","1.1.377","478096","","","","0"
"2006","Canada","2021A000011124","All employees","Other services (except public administration) [81]","Persons","249","units","0","v1715444","1.1.377","490483","","","","0"
"2007","Canada","2021A000011124","All employees","Other services (except public administration) [81]","Persons","249","units","0","v1715444","1.1.377","498439","","","","0"
"2008","Canada","2021A000011124","All employees","Other services (except public administration) [81]","Persons","249","units","0","v1715444","1.1.377","509928","","","","0"
"2009","Canada","2021A000011124","All employees","Other services (except public administration) [81]","Persons","249","units","0","v1715444","1.1.377","507667","A","","","0"
"2010","Canada","2021A000011124","All employees","Other services (except public administration) [81]","Persons","249","units","0","v1715444","1.1.377","510019","A","","","0"
"2011","Canada","2021A000011124","All employees","Other services (except public administration) [81]","Persons","249","units","0","v1715444","1.1.377","520958","A","","","0"
"2012","Canada","2021A000011124","All employees","Other services (except public administration) [81]","Persons","249","units","0","v1715444","1.1.377","528298","A","","","0"
"2013","Canada","2021A000011124","All employees","Other services (except public administration) [81]","Persons","249","units","0","v1715444","1.1.377","537739","A","","","0"
"2014","Canada","2021A000011124","All employees","Other services (except public administration) [81]","Persons","249","units","0","v1715444","1.1.377","546202","A","","","0"
"2015","Canada","2021A000011124","All employees","Other services (except public administration) [81]","Persons","249","units","0","v1715444","1.1.377","546747","A","","","0"
"2016","Canada","2021A000011124","All employees","Other services (except public administration) [81]","Persons","249","units","0","v1715444","1.1.377","536700","A","","","0"
"2017","Canada","2021A000011124","All employees","Other services (except public administration) [81]","Persons","249","units","0","v1715444","1.1.377","540741","A","","","0"
"2018","Canada","2021A000011124","All employees","Other services (except public administration) [81]","Persons","249","units","0","v1715444","1.1.377","548237","A","","","0"
"2019","Canada","2021A000011124","All employees","Other services (except public administration) [81]","Persons","249","units","0","v1715444","1.1.377","556600","A","","","0"
"2020","Canada","2021A000011124","All employees","Other services (except public administration) [81]","Persons","249","units","0","v1715444","1.1.377","473493","B","","","0"
"2021","Canada","2021A000011124","All employees","Other services (except public administration) [81]","Persons","249","units","0","v1715444","1.1.377","497285","A","","","0"
"2022","Canada","2021A000011124","All employees","Other services (except public administration) [81]","Persons","249","units","0","v1715444","1.1.377","538764","B","","","0"
"2002","Canada","2021A000011124","All employees","Public administration [91]","Persons","249","units","0","v1715458","1.1.393","858270","","","","0"
"2003","Canada","2021A000011124","All employees","Public administration [91]","Persons","249","units","0","v1715458","1.1.393","896490","","","","0"
"2004","Canada","2021A000011124","All employees","Public administration [91]","Persons","249","units","0","v1715458","1.1.393","903074","","","","0"
"2005","Canada","2021A000011124","All employees","Public administration [91]","Persons","249","units","0","v1715458","1.1.393","926067","","","","0"
"2006","Canada","2021A000011124","All employees","Public administration [91]","Persons","249","units","0","v1715458","1.1.393","949836","","","","0"
"2007","Canada","2021A000011124","All employees","Public administration [91]","Persons","249","units","0","v1715458","1.1.393","967430","","","","0"
"2008","Canada","2021A000011124","All employees","Public administration [91]","Persons","249","units","0","v1715458","1.1.393","1009960","","","","0"
"2009","Canada","2021A000011124","All employees","Public administration [91]","Persons","249","units","0","v1715458","1.1.393","1034648","A","","","0"
"2010","Canada","2021A000011124","All employees","Public administration [91]","Persons","249","units","0","v1715458","1.1.393","1047755","A","","","0"
"2011","Canada","2021A000011124","All employees","Public administration [91]","Persons","249","units","0","v1715458","1.1.393","1056982","A","","","0"
"2012","Canada","2021A000011124","All employees","Public administration [91]","Persons","249","units","0","v1715458","1.1.393","1046016","A","","","0"
"2013","Canada","2021A000011124","All employees","Public administration [91]","Persons","249","units","0","v1715458","1.1.393","1040193","A","","","0"
"2014","Canada","2021A000011124","All employees","Public administration [91]","Persons","249","units","0","v1715458","1.1.393","1043434","A","","","0"
"2015","Canada","2021A000011124","All employees","Public administration [91]","Persons","249","units","0","v1715458","1.1.393","1042359","A","","","0"
"2016","Canada","2021A000011124","All employees","Public administration [91]","Persons","249","units","0","v1715458","1.1.393","1065811","A","","","0"
"2017","Canada","2021A000011124","All employees","Public administration [91]","Persons","249","units","0","v1715458","1.1.393","1088074","A","","","0"
"2018","Canada","2021A000011124","All employees","Public administration [91]","Persons","249","units","0","v1715458","1.1.393","1117142","A","","","0"
"2019","Canada","2021A000011124","All employees","Public administration [91]","Persons","249","units","0","v1715458","1.1.393","1145925","A","","","0"
"2020","Canada","2021A000011124","All employees","Public administration [91]","Persons","249","units","0","v1715458","1.1.393","1116480","A","","","0"
"2021","Canada","2021A000011124","All employees","Public administration [91]","Persons","249","units","0","v1715458","1.1.393","1169182","A","","","0"
"2022","Canada","2021A000011124","All employees","Public administration [91]","Persons","249","units","0","v1715458","1.1.393","1218240","B","","","0"
"2002","Canada","2021A000011124","All employees","Unclassified businesses [00]","Persons","249","units","0","v1715538","1.1.397","77279","","","","0"
"2003","Canada","2021A000011124","All employees","Unclassified businesses [00]","Persons","249","units","0","v1715538","1.1.397","108870","","","","0"
"2004","Canada","2021A000011124","All employees","Unclassified businesses [00]","Persons","249","units","0","v1715538","1.1.397","179994","","","","0"
"2005","Canada","2021A000011124","All employees","Unclassified businesses [00]","Persons","249","units","0","v1715538","1.1.397","239201","","","","0"
"2006","Canada","2021A000011124","All employees","Unclassified businesses [00]","Persons","249","units","0","v1715538","1.1.397","228740","","","","0"
"2007","Canada","2021A000011124","All employees","Unclassified businesses [00]","Persons","249","units","0","v1715538","1.1.397","208281","","","","0"
"2008","Canada","2021A000011124","All employees","Unclassified businesses [00]","Persons","249","units","0","v1715538","1.1.397","199874","","","","0"
"2009","Canada","2021A000011124","All employees","Unclassified businesses [00]","Persons","249","units","0","v1715538","1.1.397","222963","A","","","0"
"2010","Canada","2021A000011124","All employees","Unclassified businesses [00]","Persons","249","units","0","v1715538","1.1.397","270788","A","","","0"
"2011","Canada","2021A000011124","All employees","Unclassified businesses [00]","Persons","249","units","0","v1715538","1.1.397","288692","A","","","0"
"2012","Canada","2021A000011124","All employees","Unclassified businesses [00]","Persons","249","units","0","v1715538","1.1.397","272641","A","","","0"
"2013","Canada","2021A000011124","All employees","Unclassified businesses [00]","Persons","249","units","0","v1715538","1.1.397","243127","A","","","0"
"2014","Canada","2021A000011124","All employees","Unclassified businesses [00]","Persons","249","units","0","v1715538","1.1.397","221897","A","","","0"
"2015","Canada","2021A000011124","All employees","Unclassified businesses [00]","Persons","249","units","0","v1715538","1.1.397","259606","A","","","0"
"2016","Canada","2021A000011124","All employees","Unclassified businesses [00]","Persons","249","units","0","v1715538","1.1.397","294462","A","","","0"
"2017","Canada","2021A000011124","All employees","Unclassified businesses [00]","Persons","249","units","0","v1715538","1.1.397","323287","A","","","0"
"2018","Canada","2021A000011124","All employees","Unclassified businesses [00]","Persons","249","units","0","v1715538","1.1.397","332791","A","","","0"
"2019","Canada","2021A000011124","All employees","Unclassified businesses [00]","Persons","249","units","0","v1715538","1.1.397","294340","A","","","0"
"2020","Canada","2021A000011124","All employees","Unclassified businesses [00]","Persons","249","units","0","v1715538","1.1.397","266207","B","","","0"
"2021","Canada","2021A000011124","All employees","Unclassified businesses [00]","Persons","249","units","0","v1715538","1.1.397","289961","B","","","0"
"2022","Canada","2021A000011124","All employees","Unclassified businesses [00]","Persons","249","units","0","v1715538","1.1.397","344472","B","","","0"


